<?xml version = '1.0' encoding = 'UTF-8'?>
<References xmlns="http://xmlns.oracle.com/adf/jndi">
   <Reference name="UFCiseOracle" className="oracle.jdeveloper.db.adapter.DatabaseProvider" xmlns="">
      <Factory className="oracle.jdevimpl.db.adapter.DatabaseProviderFactory1212"/>
      <RefAddresses>
         <StringRefAddr addrType="role">
            <Contents/>
         </StringRefAddr>
         <StringRefAddr addrType="SavePassword">
            <Contents>false</Contents>
         </StringRefAddr>
         <StringRefAddr addrType="OracleConnectionType">
            <Contents>BASIC</Contents>
         </StringRefAddr>
         <StringRefAddr addrType="RaptorConnectionType">
            <Contents>Oracle</Contents>
         </StringRefAddr>
         <StringRefAddr addrType="sid">
            <Contents>orcl</Contents>
         </StringRefAddr>
         <StringRefAddr addrType="customUrl">
            <Contents>jdbc:oracle:thin:@oracle.cise.ufl.edu:1521:orcl</Contents>
         </StringRefAddr>
         <StringRefAddr addrType="oraDriverType">
            <Contents>thin</Contents>
         </StringRefAddr>
         <StringRefAddr addrType="NoPasswordConnection">
            <Contents>TRUE</Contents>
         </StringRefAddr>
         <StringRefAddr addrType="hostname">
            <Contents>oracle.cise.ufl.edu</Contents>
         </StringRefAddr>
         <StringRefAddr addrType="driver">
            <Contents>oracle.jdbc.OracleDriver</Contents>
         </StringRefAddr>
         <StringRefAddr addrType="port">
            <Contents>1521</Contents>
         </StringRefAddr>
         <StringRefAddr addrType="subtype">
            <Contents>oraJDBC</Contents>
         </StringRefAddr>
         <StringRefAddr addrType="OS_AUTHENTICATION">
            <Contents>false</Contents>
         </StringRefAddr>
         <StringRefAddr addrType="user">
            <Contents>syaduvan</Contents>
         </StringRefAddr>
         <StringRefAddr addrType="KERBEROS_AUTHENTICATION">
            <Contents>false</Contents>
         </StringRefAddr>
         <StringRefAddr addrType="ConnName">
            <Contents>UFCiseOracle</Contents>
         </StringRefAddr>
      </RefAddresses>
   </Reference>
</References>